{
  "class_name": "Tokenizer",
  "config": {
    "num_words": 10000,
    "filters": "!\"#$%&()*+,-./:;<=>?@[\\]^_`{|}~\t\n",
    "lower": true,
    "split": " ",
    "char_level": false,
    "oov_token": "<OOV>",
    "document_count": 50000,
    "word_counts": {
      "ingatkan": 8000,
      "saya": 25000,
      "jadwalkan": 6000,
      "buatkan": 4000,
      "setel": 3000,
      "pengingat": 4500,
      "jadwal": 4000,
      "tolong": 3500,
      "dokter": 2000,
      "minum": 5000,
      "obat": 4000,
      "paracetamol": 1500,
      "100mg": 1200,
      "rapat": 2200,
      "olahraga": 3000,
      "makan": 3500,
      "jam": 10000,
      "2": 5000,
      "6": 3000,
      "8": 3000,
      "10": 4000,
      "pagi": 4500,
      "siang": 3200,
      "sore": 2800,
      "malam": 5000,
      "hari": 6000,
      "besok": 3500,
      "minggu": 2000,
      "kenapa": 8000,
      "penyebab": 3000,
      "sering": 2500,
      "merasakan": 1500,
      "paracetamol": 1800,
      "antibiotik": 1300
    },
    "word_index": {
      "<OOV>": 1,
      "saya": 2,
      "ingatkan": 3,
      "jadwalkan": 4,
      "setel": 5,
      "buatkan": 6,
      "pengingat": 7,
      "minum": 8,
      "obat": 9,
      "jam": 10,
      "dokter": 11,
      "makan": 12,
      "paracetamol": 13,
      "olahraga": 14,
      "rapat": 15,
      "tolong": 16,
      "hari": 17,
      "besok": 18,
      "pagi": 19,
      "siang": 20,
      "sore": 21,
      "malam": 22,
      "100mg": 23,
      "kenapa": 24,
      "penyebab": 25,
      "sering": 26,
      "merasakan": 27,
      "minggu": 28,
      "10": 29,
      "8": 30,
      "2": 31,
      "6": 32,
      "antibiotik": 33
    }
  }
}
